{"cameraMode":{"drawMode":0,"name":"Shaded","section":"Shading Mode"},"sceneLighting":true,"audioPlay":false,"sceneViewState":{"m_AlwaysRefresh":false,"showFog":true,"showSkybox":true,"showFlares":true,"showImageEffects":true,"showParticleSystems":true,"showVisualEffectGraphs":true,"m_FxEnabled":true},"in2DMode":false,"pivot":{"x":-9.705514907836914,"y":-3.9519174098968508,"z":3.9145424365997316},"rotation":{"x":-0.33694714307785036,"y":-0.026267636567354204,"z":0.009403685107827187,"w":-0.9411154985427856},"size":12.234567642211914,"orthographic":false}